date_key,full_date,year,quarter,quarter_name,month_number,month_name,month_short,year_month,iso_week,day_of_month,day_of_week,day_name,day_short,is_weekend,day_of_year
20150101,2015-01-01,2015,1,Q1 2015,1,January,Jan,2015-01,1,1,4,Thursday,Thu,False,1
20150102,2015-01-02,2015,1,Q1 2015,1,January,Jan,2015-01,1,2,5,Friday,Fri,False,2
20150103,2015-01-03,2015,1,Q1 2015,1,January,Jan,2015-01,1,3,6,Saturday,Sat,True,3
20150104,2015-01-04,2015,1,Q1 2015,1,January,Jan,2015-01,1,4,7,Sunday,Sun,True,4
20150105,2015-01-05,2015,1,Q1 2015,1,January,Jan,2015-01,2,5,1,Monday,Mon,False,5
20150106,2015-01-06,2015,1,Q1 2015,1,January,Jan,2015-01,2,6,2,Tuesday,Tue,False,6
20150107,2015-01-07,2015,1,Q1 2015,1,January,Jan,2015-01,2,7,3,Wednesday,Wed,False,7
20150108,2015-01-08,2015,1,Q1 2015,1,January,Jan,2015-01,2,8,4,Thursday,Thu,False,8
20150109,2015-01-09,2015,1,Q1 2015,1,January,Jan,2015-01,2,9,5,Friday,Fri,False,9
20150110,2015-01-10,2015,1,Q1 2015,1,January,Jan,2015-01,2,10,6,Saturday,Sat,True,10
20150111,2015-01-11,2015,1,Q1 2015,1,January,Jan,2015-01,2,11,7,Sunday,Sun,True,11
20150112,2015-01-12,2015,1,Q1 2015,1,January,Jan,2015-01,3,12,1,Monday,Mon,False,12
20150113,2015-01-13,2015,1,Q1 2015,1,January,Jan,2015-01,3,13,2,Tuesday,Tue,False,13
20150114,2015-01-14,2015,1,Q1 2015,1,January,Jan,2015-01,3,14,3,Wednesday,Wed,False,14
20150115,2015-01-15,2015,1,Q1 2015,1,January,Jan,2015-01,3,15,4,Thursday,Thu,False,15
20150116,2015-01-16,2015,1,Q1 2015,1,January,Jan,2015-01,3,16,5,Friday,Fri,False,16
20150117,2015-01-17,2015,1,Q1 2015,1,January,Jan,2015-01,3,17,6,Saturday,Sat,True,17
20150118,2015-01-18,2015,1,Q1 2015,1,January,Jan,2015-01,3,18,7,Sunday,Sun,True,18
20150119,2015-01-19,2015,1,Q1 2015,1,January,Jan,2015-01,4,19,1,Monday,Mon,False,19
20150120,2015-01-20,2015,1,Q1 2015,1,January,Jan,2015-01,4,20,2,Tuesday,Tue,False,20
20150121,2015-01-21,2015,1,Q1 2015,1,January,Jan,2015-01,4,21,3,Wednesday,Wed,False,21
20150122,2015-01-22,2015,1,Q1 2015,1,January,Jan,2015-01,4,22,4,Thursday,Thu,False,22
20150123,2015-01-23,2015,1,Q1 2015,1,January,Jan,2015-01,4,23,5,Friday,Fri,False,23
20150124,2015-01-24,2015,1,Q1 2015,1,January,Jan,2015-01,4,24,6,Saturday,Sat,True,24
20150125,2015-01-25,2015,1,Q1 2015,1,January,Jan,2015-01,4,25,7,Sunday,Sun,True,25
20150126,2015-01-26,2015,1,Q1 2015,1,January,Jan,2015-01,5,26,1,Monday,Mon,False,26
20150127,2015-01-27,2015,1,Q1 2015,1,January,Jan,2015-01,5,27,2,Tuesday,Tue,False,27
20150128,2015-01-28,2015,1,Q1 2015,1,January,Jan,2015-01,5,28,3,Wednesday,Wed,False,28
20150129,2015-01-29,2015,1,Q1 2015,1,January,Jan,2015-01,5,29,4,Thursday,Thu,False,29
20150130,2015-01-30,2015,1,Q1 2015,1,January,Jan,2015-01,5,30,5,Friday,Fri,False,30
20150131,2015-01-31,2015,1,Q1 2015,1,January,Jan,2015-01,5,31,6,Saturday,Sat,True,31
20150201,2015-02-01,2015,1,Q1 2015,2,February,Feb,2015-02,5,1,7,Sunday,Sun,True,32
20150202,2015-02-02,2015,1,Q1 2015,2,February,Feb,2015-02,6,2,1,Monday,Mon,False,33
20150203,2015-02-03,2015,1,Q1 2015,2,February,Feb,2015-02,6,3,2,Tuesday,Tue,False,34
20150204,2015-02-04,2015,1,Q1 2015,2,February,Feb,2015-02,6,4,3,Wednesday,Wed,False,35
20150205,2015-02-05,2015,1,Q1 2015,2,February,Feb,2015-02,6,5,4,Thursday,Thu,False,36
20150206,2015-02-06,2015,1,Q1 2015,2,February,Feb,2015-02,6,6,5,Friday,Fri,False,37
20150207,2015-02-07,2015,1,Q1 2015,2,February,Feb,2015-02,6,7,6,Saturday,Sat,True,38
20150208,2015-02-08,2015,1,Q1 2015,2,February,Feb,2015-02,6,8,7,Sunday,Sun,True,39
20150209,2015-02-09,2015,1,Q1 2015,2,February,Feb,2015-02,7,9,1,Monday,Mon,False,40
20150210,2015-02-10,2015,1,Q1 2015,2,February,Feb,2015-02,7,10,2,Tuesday,Tue,False,41
20150211,2015-02-11,2015,1,Q1 2015,2,February,Feb,2015-02,7,11,3,Wednesday,Wed,False,42
20150212,2015-02-12,2015,1,Q1 2015,2,February,Feb,2015-02,7,12,4,Thursday,Thu,False,43
20150213,2015-02-13,2015,1,Q1 2015,2,February,Feb,2015-02,7,13,5,Friday,Fri,False,44
20150214,2015-02-14,2015,1,Q1 2015,2,February,Feb,2015-02,7,14,6,Saturday,Sat,True,45
20150215,2015-02-15,2015,1,Q1 2015,2,February,Feb,2015-02,7,15,7,Sunday,Sun,True,46
20150216,2015-02-16,2015,1,Q1 2015,2,February,Feb,2015-02,8,16,1,Monday,Mon,False,47
20150217,2015-02-17,2015,1,Q1 2015,2,February,Feb,2015-02,8,17,2,Tuesday,Tue,False,48
20150218,2015-02-18,2015,1,Q1 2015,2,February,Feb,2015-02,8,18,3,Wednesday,Wed,False,49
20150219,2015-02-19,2015,1,Q1 2015,2,February,Feb,2015-02,8,19,4,Thursday,Thu,False,50
20150220,2015-02-20,2015,1,Q1 2015,2,February,Feb,2015-02,8,20,5,Friday,Fri,False,51
20150221,2015-02-21,2015,1,Q1 2015,2,February,Feb,2015-02,8,21,6,Saturday,Sat,True,52
20150222,2015-02-22,2015,1,Q1 2015,2,February,Feb,2015-02,8,22,7,Sunday,Sun,True,53
20150223,2015-02-23,2015,1,Q1 2015,2,February,Feb,2015-02,9,23,1,Monday,Mon,False,54
20150224,2015-02-24,2015,1,Q1 2015,2,February,Feb,2015-02,9,24,2,Tuesday,Tue,False,55
20150225,2015-02-25,2015,1,Q1 2015,2,February,Feb,2015-02,9,25,3,Wednesday,Wed,False,56
20150226,2015-02-26,2015,1,Q1 2015,2,February,Feb,2015-02,9,26,4,Thursday,Thu,False,57
20150227,2015-02-27,2015,1,Q1 2015,2,February,Feb,2015-02,9,27,5,Friday,Fri,False,58
20150228,2015-02-28,2015,1,Q1 2015,2,February,Feb,2015-02,9,28,6,Saturday,Sat,True,59
20150301,2015-03-01,2015,1,Q1 2015,3,March,Mar,2015-03,9,1,7,Sunday,Sun,True,60
20150302,2015-03-02,2015,1,Q1 2015,3,March,Mar,2015-03,10,2,1,Monday,Mon,False,61
20150303,2015-03-03,2015,1,Q1 2015,3,March,Mar,2015-03,10,3,2,Tuesday,Tue,False,62
20150304,2015-03-04,2015,1,Q1 2015,3,March,Mar,2015-03,10,4,3,Wednesday,Wed,False,63
20150305,2015-03-05,2015,1,Q1 2015,3,March,Mar,2015-03,10,5,4,Thursday,Thu,False,64
20150306,2015-03-06,2015,1,Q1 2015,3,March,Mar,2015-03,10,6,5,Friday,Fri,False,65
20150307,2015-03-07,2015,1,Q1 2015,3,March,Mar,2015-03,10,7,6,Saturday,Sat,True,66
20150308,2015-03-08,2015,1,Q1 2015,3,March,Mar,2015-03,10,8,7,Sunday,Sun,True,67
20150309,2015-03-09,2015,1,Q1 2015,3,March,Mar,2015-03,11,9,1,Monday,Mon,False,68
20150310,2015-03-10,2015,1,Q1 2015,3,March,Mar,2015-03,11,10,2,Tuesday,Tue,False,69
20150311,2015-03-11,2015,1,Q1 2015,3,March,Mar,2015-03,11,11,3,Wednesday,Wed,False,70
20150312,2015-03-12,2015,1,Q1 2015,3,March,Mar,2015-03,11,12,4,Thursday,Thu,False,71
20150313,2015-03-13,2015,1,Q1 2015,3,March,Mar,2015-03,11,13,5,Friday,Fri,False,72
20150314,2015-03-14,2015,1,Q1 2015,3,March,Mar,2015-03,11,14,6,Saturday,Sat,True,73
20150315,2015-03-15,2015,1,Q1 2015,3,March,Mar,2015-03,11,15,7,Sunday,Sun,True,74
20150316,2015-03-16,2015,1,Q1 2015,3,March,Mar,2015-03,12,16,1,Monday,Mon,False,75
20150317,2015-03-17,2015,1,Q1 2015,3,March,Mar,2015-03,12,17,2,Tuesday,Tue,False,76
20150318,2015-03-18,2015,1,Q1 2015,3,March,Mar,2015-03,12,18,3,Wednesday,Wed,False,77
20150319,2015-03-19,2015,1,Q1 2015,3,March,Mar,2015-03,12,19,4,Thursday,Thu,False,78
20150320,2015-03-20,2015,1,Q1 2015,3,March,Mar,2015-03,12,20,5,Friday,Fri,False,79
20150321,2015-03-21,2015,1,Q1 2015,3,March,Mar,2015-03,12,21,6,Saturday,Sat,True,80
20150322,2015-03-22,2015,1,Q1 2015,3,March,Mar,2015-03,12,22,7,Sunday,Sun,True,81
20150323,2015-03-23,2015,1,Q1 2015,3,March,Mar,2015-03,13,23,1,Monday,Mon,False,82
20150324,2015-03-24,2015,1,Q1 2015,3,March,Mar,2015-03,13,24,2,Tuesday,Tue,False,83
20150325,2015-03-25,2015,1,Q1 2015,3,March,Mar,2015-03,13,25,3,Wednesday,Wed,False,84
20150326,2015-03-26,2015,1,Q1 2015,3,March,Mar,2015-03,13,26,4,Thursday,Thu,False,85
20150327,2015-03-27,2015,1,Q1 2015,3,March,Mar,2015-03,13,27,5,Friday,Fri,False,86
20150328,2015-03-28,2015,1,Q1 2015,3,March,Mar,2015-03,13,28,6,Saturday,Sat,True,87
20150329,2015-03-29,2015,1,Q1 2015,3,March,Mar,2015-03,13,29,7,Sunday,Sun,True,88
20150330,2015-03-30,2015,1,Q1 2015,3,March,Mar,2015-03,14,30,1,Monday,Mon,False,89
20150331,2015-03-31,2015,1,Q1 2015,3,March,Mar,2015-03,14,31,2,Tuesday,Tue,False,90
20150401,2015-04-01,2015,2,Q2 2015,4,April,Apr,2015-04,14,1,3,Wednesday,Wed,False,91
20150402,2015-04-02,2015,2,Q2 2015,4,April,Apr,2015-04,14,2,4,Thursday,Thu,False,92
20150403,2015-04-03,2015,2,Q2 2015,4,April,Apr,2015-04,14,3,5,Friday,Fri,False,93
20150404,2015-04-04,2015,2,Q2 2015,4,April,Apr,2015-04,14,4,6,Saturday,Sat,True,94
20150405,2015-04-05,2015,2,Q2 2015,4,April,Apr,2015-04,14,5,7,Sunday,Sun,True,95
20150406,2015-04-06,2015,2,Q2 2015,4,April,Apr,2015-04,15,6,1,Monday,Mon,False,96
20150407,2015-04-07,2015,2,Q2 2015,4,April,Apr,2015-04,15,7,2,Tuesday,Tue,False,97
20150408,2015-04-08,2015,2,Q2 2015,4,April,Apr,2015-04,15,8,3,Wednesday,Wed,False,98
20150409,2015-04-09,2015,2,Q2 2015,4,April,Apr,2015-04,15,9,4,Thursday,Thu,False,99
20150410,2015-04-10,2015,2,Q2 2015,4,April,Apr,2015-04,15,10,5,Friday,Fri,False,100
20150411,2015-04-11,2015,2,Q2 2015,4,April,Apr,2015-04,15,11,6,Saturday,Sat,True,101
20150412,2015-04-12,2015,2,Q2 2015,4,April,Apr,2015-04,15,12,7,Sunday,Sun,True,102
20150413,2015-04-13,2015,2,Q2 2015,4,April,Apr,2015-04,16,13,1,Monday,Mon,False,103
20150414,2015-04-14,2015,2,Q2 2015,4,April,Apr,2015-04,16,14,2,Tuesday,Tue,False,104
20150415,2015-04-15,2015,2,Q2 2015,4,April,Apr,2015-04,16,15,3,Wednesday,Wed,False,105
20150416,2015-04-16,2015,2,Q2 2015,4,April,Apr,2015-04,16,16,4,Thursday,Thu,False,106
20150417,2015-04-17,2015,2,Q2 2015,4,April,Apr,2015-04,16,17,5,Friday,Fri,False,107
20150418,2015-04-18,2015,2,Q2 2015,4,April,Apr,2015-04,16,18,6,Saturday,Sat,True,108
20150419,2015-04-19,2015,2,Q2 2015,4,April,Apr,2015-04,16,19,7,Sunday,Sun,True,109
20150420,2015-04-20,2015,2,Q2 2015,4,April,Apr,2015-04,17,20,1,Monday,Mon,False,110
20150421,2015-04-21,2015,2,Q2 2015,4,April,Apr,2015-04,17,21,2,Tuesday,Tue,False,111
20150422,2015-04-22,2015,2,Q2 2015,4,April,Apr,2015-04,17,22,3,Wednesday,Wed,False,112
20150423,2015-04-23,2015,2,Q2 2015,4,April,Apr,2015-04,17,23,4,Thursday,Thu,False,113
20150424,2015-04-24,2015,2,Q2 2015,4,April,Apr,2015-04,17,24,5,Friday,Fri,False,114
20150425,2015-04-25,2015,2,Q2 2015,4,April,Apr,2015-04,17,25,6,Saturday,Sat,True,115
20150426,2015-04-26,2015,2,Q2 2015,4,April,Apr,2015-04,17,26,7,Sunday,Sun,True,116
20150427,2015-04-27,2015,2,Q2 2015,4,April,Apr,2015-04,18,27,1,Monday,Mon,False,117
20150428,2015-04-28,2015,2,Q2 2015,4,April,Apr,2015-04,18,28,2,Tuesday,Tue,False,118
20150429,2015-04-29,2015,2,Q2 2015,4,April,Apr,2015-04,18,29,3,Wednesday,Wed,False,119
20150430,2015-04-30,2015,2,Q2 2015,4,April,Apr,2015-04,18,30,4,Thursday,Thu,False,120
20150501,2015-05-01,2015,2,Q2 2015,5,May,May,2015-05,18,1,5,Friday,Fri,False,121
20150502,2015-05-02,2015,2,Q2 2015,5,May,May,2015-05,18,2,6,Saturday,Sat,True,122
20150503,2015-05-03,2015,2,Q2 2015,5,May,May,2015-05,18,3,7,Sunday,Sun,True,123
20150504,2015-05-04,2015,2,Q2 2015,5,May,May,2015-05,19,4,1,Monday,Mon,False,124
20150505,2015-05-05,2015,2,Q2 2015,5,May,May,2015-05,19,5,2,Tuesday,Tue,False,125
20150506,2015-05-06,2015,2,Q2 2015,5,May,May,2015-05,19,6,3,Wednesday,Wed,False,126
20150507,2015-05-07,2015,2,Q2 2015,5,May,May,2015-05,19,7,4,Thursday,Thu,False,127
20150508,2015-05-08,2015,2,Q2 2015,5,May,May,2015-05,19,8,5,Friday,Fri,False,128
20150509,2015-05-09,2015,2,Q2 2015,5,May,May,2015-05,19,9,6,Saturday,Sat,True,129
20150510,2015-05-10,2015,2,Q2 2015,5,May,May,2015-05,19,10,7,Sunday,Sun,True,130
20150511,2015-05-11,2015,2,Q2 2015,5,May,May,2015-05,20,11,1,Monday,Mon,False,131
20150512,2015-05-12,2015,2,Q2 2015,5,May,May,2015-05,20,12,2,Tuesday,Tue,False,132
20150513,2015-05-13,2015,2,Q2 2015,5,May,May,2015-05,20,13,3,Wednesday,Wed,False,133
20150514,2015-05-14,2015,2,Q2 2015,5,May,May,2015-05,20,14,4,Thursday,Thu,False,134
20150515,2015-05-15,2015,2,Q2 2015,5,May,May,2015-05,20,15,5,Friday,Fri,False,135
20150516,2015-05-16,2015,2,Q2 2015,5,May,May,2015-05,20,16,6,Saturday,Sat,True,136
20150517,2015-05-17,2015,2,Q2 2015,5,May,May,2015-05,20,17,7,Sunday,Sun,True,137
20150518,2015-05-18,2015,2,Q2 2015,5,May,May,2015-05,21,18,1,Monday,Mon,False,138
20150519,2015-05-19,2015,2,Q2 2015,5,May,May,2015-05,21,19,2,Tuesday,Tue,False,139
20150520,2015-05-20,2015,2,Q2 2015,5,May,May,2015-05,21,20,3,Wednesday,Wed,False,140
20150521,2015-05-21,2015,2,Q2 2015,5,May,May,2015-05,21,21,4,Thursday,Thu,False,141
20150522,2015-05-22,2015,2,Q2 2015,5,May,May,2015-05,21,22,5,Friday,Fri,False,142
20150523,2015-05-23,2015,2,Q2 2015,5,May,May,2015-05,21,23,6,Saturday,Sat,True,143
20150524,2015-05-24,2015,2,Q2 2015,5,May,May,2015-05,21,24,7,Sunday,Sun,True,144
20150525,2015-05-25,2015,2,Q2 2015,5,May,May,2015-05,22,25,1,Monday,Mon,False,145
20150526,2015-05-26,2015,2,Q2 2015,5,May,May,2015-05,22,26,2,Tuesday,Tue,False,146
20150527,2015-05-27,2015,2,Q2 2015,5,May,May,2015-05,22,27,3,Wednesday,Wed,False,147
20150528,2015-05-28,2015,2,Q2 2015,5,May,May,2015-05,22,28,4,Thursday,Thu,False,148
20150529,2015-05-29,2015,2,Q2 2015,5,May,May,2015-05,22,29,5,Friday,Fri,False,149
20150530,2015-05-30,2015,2,Q2 2015,5,May,May,2015-05,22,30,6,Saturday,Sat,True,150
20150531,2015-05-31,2015,2,Q2 2015,5,May,May,2015-05,22,31,7,Sunday,Sun,True,151
20150601,2015-06-01,2015,2,Q2 2015,6,June,Jun,2015-06,23,1,1,Monday,Mon,False,152
20150602,2015-06-02,2015,2,Q2 2015,6,June,Jun,2015-06,23,2,2,Tuesday,Tue,False,153
20150603,2015-06-03,2015,2,Q2 2015,6,June,Jun,2015-06,23,3,3,Wednesday,Wed,False,154
20150604,2015-06-04,2015,2,Q2 2015,6,June,Jun,2015-06,23,4,4,Thursday,Thu,False,155
20150605,2015-06-05,2015,2,Q2 2015,6,June,Jun,2015-06,23,5,5,Friday,Fri,False,156
20150606,2015-06-06,2015,2,Q2 2015,6,June,Jun,2015-06,23,6,6,Saturday,Sat,True,157
20150607,2015-06-07,2015,2,Q2 2015,6,June,Jun,2015-06,23,7,7,Sunday,Sun,True,158
20150608,2015-06-08,2015,2,Q2 2015,6,June,Jun,2015-06,24,8,1,Monday,Mon,False,159
20150609,2015-06-09,2015,2,Q2 2015,6,June,Jun,2015-06,24,9,2,Tuesday,Tue,False,160
20150610,2015-06-10,2015,2,Q2 2015,6,June,Jun,2015-06,24,10,3,Wednesday,Wed,False,161
20150611,2015-06-11,2015,2,Q2 2015,6,June,Jun,2015-06,24,11,4,Thursday,Thu,False,162
20150612,2015-06-12,2015,2,Q2 2015,6,June,Jun,2015-06,24,12,5,Friday,Fri,False,163
20150613,2015-06-13,2015,2,Q2 2015,6,June,Jun,2015-06,24,13,6,Saturday,Sat,True,164
20150614,2015-06-14,2015,2,Q2 2015,6,June,Jun,2015-06,24,14,7,Sunday,Sun,True,165
20150615,2015-06-15,2015,2,Q2 2015,6,June,Jun,2015-06,25,15,1,Monday,Mon,False,166
20150616,2015-06-16,2015,2,Q2 2015,6,June,Jun,2015-06,25,16,2,Tuesday,Tue,False,167
20150617,2015-06-17,2015,2,Q2 2015,6,June,Jun,2015-06,25,17,3,Wednesday,Wed,False,168
20150618,2015-06-18,2015,2,Q2 2015,6,June,Jun,2015-06,25,18,4,Thursday,Thu,False,169
20150619,2015-06-19,2015,2,Q2 2015,6,June,Jun,2015-06,25,19,5,Friday,Fri,False,170
20150620,2015-06-20,2015,2,Q2 2015,6,June,Jun,2015-06,25,20,6,Saturday,Sat,True,171
20150621,2015-06-21,2015,2,Q2 2015,6,June,Jun,2015-06,25,21,7,Sunday,Sun,True,172
20150622,2015-06-22,2015,2,Q2 2015,6,June,Jun,2015-06,26,22,1,Monday,Mon,False,173
20150623,2015-06-23,2015,2,Q2 2015,6,June,Jun,2015-06,26,23,2,Tuesday,Tue,False,174
20150624,2015-06-24,2015,2,Q2 2015,6,June,Jun,2015-06,26,24,3,Wednesday,Wed,False,175
20150625,2015-06-25,2015,2,Q2 2015,6,June,Jun,2015-06,26,25,4,Thursday,Thu,False,176
20150626,2015-06-26,2015,2,Q2 2015,6,June,Jun,2015-06,26,26,5,Friday,Fri,False,177
20150627,2015-06-27,2015,2,Q2 2015,6,June,Jun,2015-06,26,27,6,Saturday,Sat,True,178
20150628,2015-06-28,2015,2,Q2 2015,6,June,Jun,2015-06,26,28,7,Sunday,Sun,True,179
20150629,2015-06-29,2015,2,Q2 2015,6,June,Jun,2015-06,27,29,1,Monday,Mon,False,180
20150630,2015-06-30,2015,2,Q2 2015,6,June,Jun,2015-06,27,30,2,Tuesday,Tue,False,181
20150701,2015-07-01,2015,3,Q3 2015,7,July,Jul,2015-07,27,1,3,Wednesday,Wed,False,182
20150702,2015-07-02,2015,3,Q3 2015,7,July,Jul,2015-07,27,2,4,Thursday,Thu,False,183
20150703,2015-07-03,2015,3,Q3 2015,7,July,Jul,2015-07,27,3,5,Friday,Fri,False,184
20150704,2015-07-04,2015,3,Q3 2015,7,July,Jul,2015-07,27,4,6,Saturday,Sat,True,185
20150705,2015-07-05,2015,3,Q3 2015,7,July,Jul,2015-07,27,5,7,Sunday,Sun,True,186
20150706,2015-07-06,2015,3,Q3 2015,7,July,Jul,2015-07,28,6,1,Monday,Mon,False,187
20150707,2015-07-07,2015,3,Q3 2015,7,July,Jul,2015-07,28,7,2,Tuesday,Tue,False,188
20150708,2015-07-08,2015,3,Q3 2015,7,July,Jul,2015-07,28,8,3,Wednesday,Wed,False,189
20150709,2015-07-09,2015,3,Q3 2015,7,July,Jul,2015-07,28,9,4,Thursday,Thu,False,190
20150710,2015-07-10,2015,3,Q3 2015,7,July,Jul,2015-07,28,10,5,Friday,Fri,False,191
20150711,2015-07-11,2015,3,Q3 2015,7,July,Jul,2015-07,28,11,6,Saturday,Sat,True,192
20150712,2015-07-12,2015,3,Q3 2015,7,July,Jul,2015-07,28,12,7,Sunday,Sun,True,193
20150713,2015-07-13,2015,3,Q3 2015,7,July,Jul,2015-07,29,13,1,Monday,Mon,False,194
20150714,2015-07-14,2015,3,Q3 2015,7,July,Jul,2015-07,29,14,2,Tuesday,Tue,False,195
20150715,2015-07-15,2015,3,Q3 2015,7,July,Jul,2015-07,29,15,3,Wednesday,Wed,False,196
20150716,2015-07-16,2015,3,Q3 2015,7,July,Jul,2015-07,29,16,4,Thursday,Thu,False,197
20150717,2015-07-17,2015,3,Q3 2015,7,July,Jul,2015-07,29,17,5,Friday,Fri,False,198
20150718,2015-07-18,2015,3,Q3 2015,7,July,Jul,2015-07,29,18,6,Saturday,Sat,True,199
20150719,2015-07-19,2015,3,Q3 2015,7,July,Jul,2015-07,29,19,7,Sunday,Sun,True,200
20150720,2015-07-20,2015,3,Q3 2015,7,July,Jul,2015-07,30,20,1,Monday,Mon,False,201
20150721,2015-07-21,2015,3,Q3 2015,7,July,Jul,2015-07,30,21,2,Tuesday,Tue,False,202
20150722,2015-07-22,2015,3,Q3 2015,7,July,Jul,2015-07,30,22,3,Wednesday,Wed,False,203
20150723,2015-07-23,2015,3,Q3 2015,7,July,Jul,2015-07,30,23,4,Thursday,Thu,False,204
20150724,2015-07-24,2015,3,Q3 2015,7,July,Jul,2015-07,30,24,5,Friday,Fri,False,205
20150725,2015-07-25,2015,3,Q3 2015,7,July,Jul,2015-07,30,25,6,Saturday,Sat,True,206
20150726,2015-07-26,2015,3,Q3 2015,7,July,Jul,2015-07,30,26,7,Sunday,Sun,True,207
20150727,2015-07-27,2015,3,Q3 2015,7,July,Jul,2015-07,31,27,1,Monday,Mon,False,208
20150728,2015-07-28,2015,3,Q3 2015,7,July,Jul,2015-07,31,28,2,Tuesday,Tue,False,209
20150729,2015-07-29,2015,3,Q3 2015,7,July,Jul,2015-07,31,29,3,Wednesday,Wed,False,210
20150730,2015-07-30,2015,3,Q3 2015,7,July,Jul,2015-07,31,30,4,Thursday,Thu,False,211
20150731,2015-07-31,2015,3,Q3 2015,7,July,Jul,2015-07,31,31,5,Friday,Fri,False,212
20150801,2015-08-01,2015,3,Q3 2015,8,August,Aug,2015-08,31,1,6,Saturday,Sat,True,213
20150802,2015-08-02,2015,3,Q3 2015,8,August,Aug,2015-08,31,2,7,Sunday,Sun,True,214
20150803,2015-08-03,2015,3,Q3 2015,8,August,Aug,2015-08,32,3,1,Monday,Mon,False,215
20150804,2015-08-04,2015,3,Q3 2015,8,August,Aug,2015-08,32,4,2,Tuesday,Tue,False,216
20150805,2015-08-05,2015,3,Q3 2015,8,August,Aug,2015-08,32,5,3,Wednesday,Wed,False,217
20150806,2015-08-06,2015,3,Q3 2015,8,August,Aug,2015-08,32,6,4,Thursday,Thu,False,218
20150807,2015-08-07,2015,3,Q3 2015,8,August,Aug,2015-08,32,7,5,Friday,Fri,False,219
20150808,2015-08-08,2015,3,Q3 2015,8,August,Aug,2015-08,32,8,6,Saturday,Sat,True,220
20150809,2015-08-09,2015,3,Q3 2015,8,August,Aug,2015-08,32,9,7,Sunday,Sun,True,221
20150810,2015-08-10,2015,3,Q3 2015,8,August,Aug,2015-08,33,10,1,Monday,Mon,False,222
20150811,2015-08-11,2015,3,Q3 2015,8,August,Aug,2015-08,33,11,2,Tuesday,Tue,False,223
20150812,2015-08-12,2015,3,Q3 2015,8,August,Aug,2015-08,33,12,3,Wednesday,Wed,False,224
20150813,2015-08-13,2015,3,Q3 2015,8,August,Aug,2015-08,33,13,4,Thursday,Thu,False,225
20150814,2015-08-14,2015,3,Q3 2015,8,August,Aug,2015-08,33,14,5,Friday,Fri,False,226
20150815,2015-08-15,2015,3,Q3 2015,8,August,Aug,2015-08,33,15,6,Saturday,Sat,True,227
20150816,2015-08-16,2015,3,Q3 2015,8,August,Aug,2015-08,33,16,7,Sunday,Sun,True,228
20150817,2015-08-17,2015,3,Q3 2015,8,August,Aug,2015-08,34,17,1,Monday,Mon,False,229
20150818,2015-08-18,2015,3,Q3 2015,8,August,Aug,2015-08,34,18,2,Tuesday,Tue,False,230
20150819,2015-08-19,2015,3,Q3 2015,8,August,Aug,2015-08,34,19,3,Wednesday,Wed,False,231
20150820,2015-08-20,2015,3,Q3 2015,8,August,Aug,2015-08,34,20,4,Thursday,Thu,False,232
20150821,2015-08-21,2015,3,Q3 2015,8,August,Aug,2015-08,34,21,5,Friday,Fri,False,233
20150822,2015-08-22,2015,3,Q3 2015,8,August,Aug,2015-08,34,22,6,Saturday,Sat,True,234
20150823,2015-08-23,2015,3,Q3 2015,8,August,Aug,2015-08,34,23,7,Sunday,Sun,True,235
20150824,2015-08-24,2015,3,Q3 2015,8,August,Aug,2015-08,35,24,1,Monday,Mon,False,236
20150825,2015-08-25,2015,3,Q3 2015,8,August,Aug,2015-08,35,25,2,Tuesday,Tue,False,237
20150826,2015-08-26,2015,3,Q3 2015,8,August,Aug,2015-08,35,26,3,Wednesday,Wed,False,238
20150827,2015-08-27,2015,3,Q3 2015,8,August,Aug,2015-08,35,27,4,Thursday,Thu,False,239
20150828,2015-08-28,2015,3,Q3 2015,8,August,Aug,2015-08,35,28,5,Friday,Fri,False,240
20150829,2015-08-29,2015,3,Q3 2015,8,August,Aug,2015-08,35,29,6,Saturday,Sat,True,241
20150830,2015-08-30,2015,3,Q3 2015,8,August,Aug,2015-08,35,30,7,Sunday,Sun,True,242
20150831,2015-08-31,2015,3,Q3 2015,8,August,Aug,2015-08,36,31,1,Monday,Mon,False,243
20150901,2015-09-01,2015,3,Q3 2015,9,September,Sep,2015-09,36,1,2,Tuesday,Tue,False,244
20150902,2015-09-02,2015,3,Q3 2015,9,September,Sep,2015-09,36,2,3,Wednesday,Wed,False,245
20150903,2015-09-03,2015,3,Q3 2015,9,September,Sep,2015-09,36,3,4,Thursday,Thu,False,246
20150904,2015-09-04,2015,3,Q3 2015,9,September,Sep,2015-09,36,4,5,Friday,Fri,False,247
20150905,2015-09-05,2015,3,Q3 2015,9,September,Sep,2015-09,36,5,6,Saturday,Sat,True,248
20150906,2015-09-06,2015,3,Q3 2015,9,September,Sep,2015-09,36,6,7,Sunday,Sun,True,249
20150907,2015-09-07,2015,3,Q3 2015,9,September,Sep,2015-09,37,7,1,Monday,Mon,False,250
20150908,2015-09-08,2015,3,Q3 2015,9,September,Sep,2015-09,37,8,2,Tuesday,Tue,False,251
20150909,2015-09-09,2015,3,Q3 2015,9,September,Sep,2015-09,37,9,3,Wednesday,Wed,False,252
20150910,2015-09-10,2015,3,Q3 2015,9,September,Sep,2015-09,37,10,4,Thursday,Thu,False,253
20150911,2015-09-11,2015,3,Q3 2015,9,September,Sep,2015-09,37,11,5,Friday,Fri,False,254
20150912,2015-09-12,2015,3,Q3 2015,9,September,Sep,2015-09,37,12,6,Saturday,Sat,True,255
20150913,2015-09-13,2015,3,Q3 2015,9,September,Sep,2015-09,37,13,7,Sunday,Sun,True,256
20150914,2015-09-14,2015,3,Q3 2015,9,September,Sep,2015-09,38,14,1,Monday,Mon,False,257
20150915,2015-09-15,2015,3,Q3 2015,9,September,Sep,2015-09,38,15,2,Tuesday,Tue,False,258
20150916,2015-09-16,2015,3,Q3 2015,9,September,Sep,2015-09,38,16,3,Wednesday,Wed,False,259
20150917,2015-09-17,2015,3,Q3 2015,9,September,Sep,2015-09,38,17,4,Thursday,Thu,False,260
20150918,2015-09-18,2015,3,Q3 2015,9,September,Sep,2015-09,38,18,5,Friday,Fri,False,261
20150919,2015-09-19,2015,3,Q3 2015,9,September,Sep,2015-09,38,19,6,Saturday,Sat,True,262
20150920,2015-09-20,2015,3,Q3 2015,9,September,Sep,2015-09,38,20,7,Sunday,Sun,True,263
20150921,2015-09-21,2015,3,Q3 2015,9,September,Sep,2015-09,39,21,1,Monday,Mon,False,264
20150922,2015-09-22,2015,3,Q3 2015,9,September,Sep,2015-09,39,22,2,Tuesday,Tue,False,265
20150923,2015-09-23,2015,3,Q3 2015,9,September,Sep,2015-09,39,23,3,Wednesday,Wed,False,266
20150924,2015-09-24,2015,3,Q3 2015,9,September,Sep,2015-09,39,24,4,Thursday,Thu,False,267
20150925,2015-09-25,2015,3,Q3 2015,9,September,Sep,2015-09,39,25,5,Friday,Fri,False,268
20150926,2015-09-26,2015,3,Q3 2015,9,September,Sep,2015-09,39,26,6,Saturday,Sat,True,269
20150927,2015-09-27,2015,3,Q3 2015,9,September,Sep,2015-09,39,27,7,Sunday,Sun,True,270
20150928,2015-09-28,2015,3,Q3 2015,9,September,Sep,2015-09,40,28,1,Monday,Mon,False,271
20150929,2015-09-29,2015,3,Q3 2015,9,September,Sep,2015-09,40,29,2,Tuesday,Tue,False,272
20150930,2015-09-30,2015,3,Q3 2015,9,September,Sep,2015-09,40,30,3,Wednesday,Wed,False,273
20151001,2015-10-01,2015,4,Q4 2015,10,October,Oct,2015-10,40,1,4,Thursday,Thu,False,274
20151002,2015-10-02,2015,4,Q4 2015,10,October,Oct,2015-10,40,2,5,Friday,Fri,False,275
20151003,2015-10-03,2015,4,Q4 2015,10,October,Oct,2015-10,40,3,6,Saturday,Sat,True,276
20151004,2015-10-04,2015,4,Q4 2015,10,October,Oct,2015-10,40,4,7,Sunday,Sun,True,277
20151005,2015-10-05,2015,4,Q4 2015,10,October,Oct,2015-10,41,5,1,Monday,Mon,False,278
20151006,2015-10-06,2015,4,Q4 2015,10,October,Oct,2015-10,41,6,2,Tuesday,Tue,False,279
20151007,2015-10-07,2015,4,Q4 2015,10,October,Oct,2015-10,41,7,3,Wednesday,Wed,False,280
20151008,2015-10-08,2015,4,Q4 2015,10,October,Oct,2015-10,41,8,4,Thursday,Thu,False,281
20151009,2015-10-09,2015,4,Q4 2015,10,October,Oct,2015-10,41,9,5,Friday,Fri,False,282
20151010,2015-10-10,2015,4,Q4 2015,10,October,Oct,2015-10,41,10,6,Saturday,Sat,True,283
20151011,2015-10-11,2015,4,Q4 2015,10,October,Oct,2015-10,41,11,7,Sunday,Sun,True,284
20151012,2015-10-12,2015,4,Q4 2015,10,October,Oct,2015-10,42,12,1,Monday,Mon,False,285
20151013,2015-10-13,2015,4,Q4 2015,10,October,Oct,2015-10,42,13,2,Tuesday,Tue,False,286
20151014,2015-10-14,2015,4,Q4 2015,10,October,Oct,2015-10,42,14,3,Wednesday,Wed,False,287
20151015,2015-10-15,2015,4,Q4 2015,10,October,Oct,2015-10,42,15,4,Thursday,Thu,False,288
20151016,2015-10-16,2015,4,Q4 2015,10,October,Oct,2015-10,42,16,5,Friday,Fri,False,289
20151017,2015-10-17,2015,4,Q4 2015,10,October,Oct,2015-10,42,17,6,Saturday,Sat,True,290
20151018,2015-10-18,2015,4,Q4 2015,10,October,Oct,2015-10,42,18,7,Sunday,Sun,True,291
20151019,2015-10-19,2015,4,Q4 2015,10,October,Oct,2015-10,43,19,1,Monday,Mon,False,292
20151020,2015-10-20,2015,4,Q4 2015,10,October,Oct,2015-10,43,20,2,Tuesday,Tue,False,293
20151021,2015-10-21,2015,4,Q4 2015,10,October,Oct,2015-10,43,21,3,Wednesday,Wed,False,294
20151022,2015-10-22,2015,4,Q4 2015,10,October,Oct,2015-10,43,22,4,Thursday,Thu,False,295
20151023,2015-10-23,2015,4,Q4 2015,10,October,Oct,2015-10,43,23,5,Friday,Fri,False,296
20151024,2015-10-24,2015,4,Q4 2015,10,October,Oct,2015-10,43,24,6,Saturday,Sat,True,297
20151025,2015-10-25,2015,4,Q4 2015,10,October,Oct,2015-10,43,25,7,Sunday,Sun,True,298
20151026,2015-10-26,2015,4,Q4 2015,10,October,Oct,2015-10,44,26,1,Monday,Mon,False,299
20151027,2015-10-27,2015,4,Q4 2015,10,October,Oct,2015-10,44,27,2,Tuesday,Tue,False,300
20151028,2015-10-28,2015,4,Q4 2015,10,October,Oct,2015-10,44,28,3,Wednesday,Wed,False,301
20151029,2015-10-29,2015,4,Q4 2015,10,October,Oct,2015-10,44,29,4,Thursday,Thu,False,302
20151030,2015-10-30,2015,4,Q4 2015,10,October,Oct,2015-10,44,30,5,Friday,Fri,False,303
20151031,2015-10-31,2015,4,Q4 2015,10,October,Oct,2015-10,44,31,6,Saturday,Sat,True,304
20151101,2015-11-01,2015,4,Q4 2015,11,November,Nov,2015-11,44,1,7,Sunday,Sun,True,305
20151102,2015-11-02,2015,4,Q4 2015,11,November,Nov,2015-11,45,2,1,Monday,Mon,False,306
20151103,2015-11-03,2015,4,Q4 2015,11,November,Nov,2015-11,45,3,2,Tuesday,Tue,False,307
20151104,2015-11-04,2015,4,Q4 2015,11,November,Nov,2015-11,45,4,3,Wednesday,Wed,False,308
20151105,2015-11-05,2015,4,Q4 2015,11,November,Nov,2015-11,45,5,4,Thursday,Thu,False,309
20151106,2015-11-06,2015,4,Q4 2015,11,November,Nov,2015-11,45,6,5,Friday,Fri,False,310
20151107,2015-11-07,2015,4,Q4 2015,11,November,Nov,2015-11,45,7,6,Saturday,Sat,True,311
20151108,2015-11-08,2015,4,Q4 2015,11,November,Nov,2015-11,45,8,7,Sunday,Sun,True,312
20151109,2015-11-09,2015,4,Q4 2015,11,November,Nov,2015-11,46,9,1,Monday,Mon,False,313
20151110,2015-11-10,2015,4,Q4 2015,11,November,Nov,2015-11,46,10,2,Tuesday,Tue,False,314
20151111,2015-11-11,2015,4,Q4 2015,11,November,Nov,2015-11,46,11,3,Wednesday,Wed,False,315
20151112,2015-11-12,2015,4,Q4 2015,11,November,Nov,2015-11,46,12,4,Thursday,Thu,False,316
20151113,2015-11-13,2015,4,Q4 2015,11,November,Nov,2015-11,46,13,5,Friday,Fri,False,317
20151114,2015-11-14,2015,4,Q4 2015,11,November,Nov,2015-11,46,14,6,Saturday,Sat,True,318
20151115,2015-11-15,2015,4,Q4 2015,11,November,Nov,2015-11,46,15,7,Sunday,Sun,True,319
20151116,2015-11-16,2015,4,Q4 2015,11,November,Nov,2015-11,47,16,1,Monday,Mon,False,320
20151117,2015-11-17,2015,4,Q4 2015,11,November,Nov,2015-11,47,17,2,Tuesday,Tue,False,321
20151118,2015-11-18,2015,4,Q4 2015,11,November,Nov,2015-11,47,18,3,Wednesday,Wed,False,322
20151119,2015-11-19,2015,4,Q4 2015,11,November,Nov,2015-11,47,19,4,Thursday,Thu,False,323
20151120,2015-11-20,2015,4,Q4 2015,11,November,Nov,2015-11,47,20,5,Friday,Fri,False,324
20151121,2015-11-21,2015,4,Q4 2015,11,November,Nov,2015-11,47,21,6,Saturday,Sat,True,325
20151122,2015-11-22,2015,4,Q4 2015,11,November,Nov,2015-11,47,22,7,Sunday,Sun,True,326
20151123,2015-11-23,2015,4,Q4 2015,11,November,Nov,2015-11,48,23,1,Monday,Mon,False,327
20151124,2015-11-24,2015,4,Q4 2015,11,November,Nov,2015-11,48,24,2,Tuesday,Tue,False,328
20151125,2015-11-25,2015,4,Q4 2015,11,November,Nov,2015-11,48,25,3,Wednesday,Wed,False,329
20151126,2015-11-26,2015,4,Q4 2015,11,November,Nov,2015-11,48,26,4,Thursday,Thu,False,330
20151127,2015-11-27,2015,4,Q4 2015,11,November,Nov,2015-11,48,27,5,Friday,Fri,False,331
20151128,2015-11-28,2015,4,Q4 2015,11,November,Nov,2015-11,48,28,6,Saturday,Sat,True,332
20151129,2015-11-29,2015,4,Q4 2015,11,November,Nov,2015-11,48,29,7,Sunday,Sun,True,333
20151130,2015-11-30,2015,4,Q4 2015,11,November,Nov,2015-11,49,30,1,Monday,Mon,False,334
20151201,2015-12-01,2015,4,Q4 2015,12,December,Dec,2015-12,49,1,2,Tuesday,Tue,False,335
20151202,2015-12-02,2015,4,Q4 2015,12,December,Dec,2015-12,49,2,3,Wednesday,Wed,False,336
20151203,2015-12-03,2015,4,Q4 2015,12,December,Dec,2015-12,49,3,4,Thursday,Thu,False,337
20151204,2015-12-04,2015,4,Q4 2015,12,December,Dec,2015-12,49,4,5,Friday,Fri,False,338
20151205,2015-12-05,2015,4,Q4 2015,12,December,Dec,2015-12,49,5,6,Saturday,Sat,True,339
20151206,2015-12-06,2015,4,Q4 2015,12,December,Dec,2015-12,49,6,7,Sunday,Sun,True,340
20151207,2015-12-07,2015,4,Q4 2015,12,December,Dec,2015-12,50,7,1,Monday,Mon,False,341
20151208,2015-12-08,2015,4,Q4 2015,12,December,Dec,2015-12,50,8,2,Tuesday,Tue,False,342
20151209,2015-12-09,2015,4,Q4 2015,12,December,Dec,2015-12,50,9,3,Wednesday,Wed,False,343
20151210,2015-12-10,2015,4,Q4 2015,12,December,Dec,2015-12,50,10,4,Thursday,Thu,False,344
20151211,2015-12-11,2015,4,Q4 2015,12,December,Dec,2015-12,50,11,5,Friday,Fri,False,345
20151212,2015-12-12,2015,4,Q4 2015,12,December,Dec,2015-12,50,12,6,Saturday,Sat,True,346
20151213,2015-12-13,2015,4,Q4 2015,12,December,Dec,2015-12,50,13,7,Sunday,Sun,True,347
20151214,2015-12-14,2015,4,Q4 2015,12,December,Dec,2015-12,51,14,1,Monday,Mon,False,348
20151215,2015-12-15,2015,4,Q4 2015,12,December,Dec,2015-12,51,15,2,Tuesday,Tue,False,349
20151216,2015-12-16,2015,4,Q4 2015,12,December,Dec,2015-12,51,16,3,Wednesday,Wed,False,350
20151217,2015-12-17,2015,4,Q4 2015,12,December,Dec,2015-12,51,17,4,Thursday,Thu,False,351
20151218,2015-12-18,2015,4,Q4 2015,12,December,Dec,2015-12,51,18,5,Friday,Fri,False,352
20151219,2015-12-19,2015,4,Q4 2015,12,December,Dec,2015-12,51,19,6,Saturday,Sat,True,353
20151220,2015-12-20,2015,4,Q4 2015,12,December,Dec,2015-12,51,20,7,Sunday,Sun,True,354
20151221,2015-12-21,2015,4,Q4 2015,12,December,Dec,2015-12,52,21,1,Monday,Mon,False,355
20151222,2015-12-22,2015,4,Q4 2015,12,December,Dec,2015-12,52,22,2,Tuesday,Tue,False,356
20151223,2015-12-23,2015,4,Q4 2015,12,December,Dec,2015-12,52,23,3,Wednesday,Wed,False,357
20151224,2015-12-24,2015,4,Q4 2015,12,December,Dec,2015-12,52,24,4,Thursday,Thu,False,358
20151225,2015-12-25,2015,4,Q4 2015,12,December,Dec,2015-12,52,25,5,Friday,Fri,False,359
20151226,2015-12-26,2015,4,Q4 2015,12,December,Dec,2015-12,52,26,6,Saturday,Sat,True,360
20151227,2015-12-27,2015,4,Q4 2015,12,December,Dec,2015-12,52,27,7,Sunday,Sun,True,361
20151228,2015-12-28,2015,4,Q4 2015,12,December,Dec,2015-12,53,28,1,Monday,Mon,False,362
20151229,2015-12-29,2015,4,Q4 2015,12,December,Dec,2015-12,53,29,2,Tuesday,Tue,False,363
20151230,2015-12-30,2015,4,Q4 2015,12,December,Dec,2015-12,53,30,3,Wednesday,Wed,False,364
20151231,2015-12-31,2015,4,Q4 2015,12,December,Dec,2015-12,53,31,4,Thursday,Thu,False,365
